<?xml version="1.0" encoding="UTF-8"?>
<project-private xmlns="http://www.netbeans.org/ns/project-private/1">
    <editor-bookmarks xmlns="http://www.netbeans.org/ns/editor-bookmarks/2" lastBookmarkId="0"/>
    <open-files xmlns="http://www.netbeans.org/ns/projectui-open-files/2">
        <group>
            <file>file:/Users/gabrieloliveira/Desktop/SD-BD/FundStarter/src/PropertiesReaderRMI.java</file>
            <file>file:/Users/gabrieloliveira/Desktop/SD-BD/FundStarter/src/RMIServerInterface.java</file>
            <file>file:/Users/gabrieloliveira/Desktop/SD-BD/FundStarter/src/ClientRequest.java</file>
            <file>file:/Users/gabrieloliveira/Desktop/SD-BD/FundStarter/src/Client.java</file>
            <file>file:/Users/gabrieloliveira/Desktop/SD-BD/FundStarter/src/RMIServer.java</file>
            <file>file:/Users/gabrieloliveira/Desktop/SD-BD/FundStarter/src/PropertiesReaderClient.java</file>
            <file>file:/Users/gabrieloliveira/Desktop/SD-BD/FundStarter/src/Server.java</file>
            <file>file:/Users/gabrieloliveira/Desktop/SD-BD/FundStarter/src/PropertiesReaderServer.java</file>
        </group>
    </open-files>
</project-private>
